<?xml version="1.0" encoding="utf-8" standalone="yes" ?>
<Window size="500,360" sizebox="4,4,4,4" caption="0,0,0,40" mininfo="500,360" maxinfo="500,360" roundcorner="4,4">
    <Font name="微软雅黑" size="12" bold="true" italic="false" />
    <Font name="微软雅黑" size="12" bold="false" italic="false" default="true" />
    <Default name="VScrollBar" value="button1normalimage=&quot;file=&apos;scrollbar.png&apos; source=&apos;0,0,16,16&apos;&quot; button1hotimage=&quot;file=&apos;scrollbar.png&apos; source=&apos;16,0,32,16,16&apos;&quot; button1pushedimage=&quot;file=&apos;scrollbar.png&apos; source=&apos;32,0,48,16&apos;&quot; button2normalimage=&quot;file=&apos;scrollbar.png&apos; source=&apos;0,32,16,48&apos;&quot; button2hotimage=&quot;file=&apos;scrollbar.png&apos; source=&apos;16,32,32,48&apos;&quot; button2pushedimage=&quot;file=&apos;scrollbar.png&apos; source=&apos;32,32,48,48&apos;&quot; thumbnormalimage=&quot;file=&apos;scrollbar.png&apos; source=&apos;0,48,16,64&apos; corner=&apos;0,2,0,2&apos;&quot; thumbhotimage=&quot;file=&apos;scrollbar.png&apos; source=&apos;16,48,32,64&apos; corner=&apos;0,2,0,2&apos;&quot; thumbpushedimage=&quot;file=&apos;scrollbar.png&apos; source=&apos;32,48,48,64&apos; corner=&apos;0,2,0,2&apos;&quot; bknormalimage=&quot;file=&apos;scrollbar.png&apos; source=&apos;0,16,16,32&apos;&quot;" />
    <HorizontalLayout name="bg" width="500" height="360" bkimage="file=&apos;bg0.png&apos; corner=&apos;600,220,1,1&apos;">
        <VerticalLayout name="face" width="500" height="360" bkimage="file=&apos;border.png&apos; corner=&apos;5,5,5,5&apos;">
            <HorizontalLayout name="top" width="500" height="22" bkimage="file=&apos;shade.png&apos; fade=&apos;108&apos;">
                <VerticalLayout name="VerticalLayoutUI2" width="150" inset="2,0,0,0">
                    <Label name="WinText" text="QuickWifi" bordersize="0" width="145" relativepos="5,0,0,0" textpadding="6,2,0,0" textcolor="#FF000000" disabledtextcolor="#FFA7A6AA" font="1" />
                </VerticalLayout>
                <VerticalLayout name="VerticalLayoutUI3" />
                <HorizontalLayout name="VerticalLayoutUI4" width="95">
                    <Button name="bkskinbtn" width="28" maxheight="19" maxwidth="28" textcolor="#FF000000" disabledtextcolor="#FFA7A6AA" align="center" normalimage="btn_skin_normal.png" hotimage="btn_skin_highlight.png" pushedimage="btn_skin_down.png" />
                    <Button name="minbtn" width="28" maxheight="19" maxwidth="28" textcolor="#FF000000" disabledtextcolor="#FFA7A6AA" align="center" normalimage="file=&apos;btn_mini_normal.png&apos;" hotimage="btn_mini_highlight.png" pushedimage="btn_mini_down.png" />
                    <Button name="closebtn" width="67" maxheight="19" maxwidth="39" textcolor="#FF000000" disabledtextcolor="#FFA7A6AA" align="center" normalimage="file=&apos;btn_close_normal.png&apos;" hotimage="btn_close_highlight.png" pushedimage="btn_close_down.png" />
                </HorizontalLayout>
            </HorizontalLayout>
            <VerticalLayout name="body" height="200">
                <HorizontalLayout name="HorizontalLayoutUI2" height="200">
                    <VerticalLayout name="bodyleft" width="490">
                        <HorizontalLayout name="lefttop" height="25">
                            <Label name="msgbox" textpadding="20,0,0,0" textcolor="#00FFFFFF" disabledtextcolor="#FFA7A6AA" />
                        </HorizontalLayout>
                        <HorizontalLayout name="leftbody">
                            <VerticalLayout name="VerticalLayoutUI1" width="10" />
                            <VerticalLayout name="loginpanel" bkimage="file=&apos;border1.png&apos; corner=&apos;5,5,5,5&apos; fade=&apos;162&apos;">
                                <Control name="ControlUI3" height="15" />
                                <HorizontalLayout name="HorizontalLayoutUI1" height="25">
                                    <Control name="ControlUI2" width="20" />
                                    <Label name="LabelUI1" text="网络账号：" width="80" textpadding="5,0,0,0" textcolor="#FF000000" disabledtextcolor="#FFA7A6AA" font="1" align="right" />
                                    <Edit name="netname" width="120" bkcolor="#FFFFFFFF" textpadding="4,3,4,3" textcolor="#FF000000" disabledtextcolor="#FFA7A6AA" />
                                </HorizontalLayout>
                                <Control name="ControlUI4" height="20" />
                                <HorizontalLayout name="HorizontalLayoutUI6" height="25">
                                    <Control name="ControlUI2" width="20" />
                                    <Label name="LabelUI1" text="网络密码：" width="80" textpadding="5,0,0,0" textcolor="#FF000000" disabledtextcolor="#FFA7A6AA" font="1" align="right" />
                                    <Edit name="passowrd" width="120" bkcolor="#FFFFFFFF" bordercolor="#00D1A04E" textpadding="4,3,4,3" textcolor="#FF000000" disabledtextcolor="#FFA7A6AA" password="true" />
                                </HorizontalLayout>
                                <Control name="ControlUI1" height="20" />
                                <HorizontalLayout name="HorizontalLayoutUI5" height="25">
                                    <Control name="ControlUI2" width="20" />
                                    <Label name="LabelUI1" text="网络接入：" width="80" textpadding="5,0,0,0" textcolor="#FF000000" disabledtextcolor="#FFA7A6AA" font="1" align="right" />
                                    <HorizontalLayout name="HorizontalLayoutUI12">
                                        <Combo normalimage="file=&apos;Combo_nor.bmp&apos; corner=&apos;2,2,24,2&apos;" hotimage="file=&apos;Combo_over.bmp&apos; corner=&apos;2,2,24,2&apos;" pushedimage="file=&apos;Combo_over.bmp&apos; corner=&apos;2,2,24,2&apos;" dropboxsize="0,150" itemtextcolor="#FF000000" itemselectedtextcolor="#FF000000" itemselectedbkcolor="#FFC1E3FF" itemhottextcolor="#FF000000" itemhotbkcolor="#FFE9F5FF" itemdisabledtextcolor="#FFCCCCCC" itemdisabledbkcolor="#FFFFFFFF" name="netinputs" tooltip="请点击这里选择将要接入的网络" float="true" pos="0,0,0,0" width="120" height="25">
                                            <ListLabelElement />
                                            <ListLabelElement />
                                        </Combo>
                                    </HorizontalLayout>
                                </HorizontalLayout>
                                <Control name="ControlUI7" height="10" />
                                <HorizontalLayout name="HorizontalLayoutUI4" height="20">
                                    <Control name="ControlUI8" width="60" />
                                    <Button name="loginBtn" text="启动" width="60" textcolor="#FF000000" disabledtextcolor="#FFA7A6AA" font="1" align="center" normalimage="button_nor.bmp" hotimage="button_over.bmp" pushedimage="button_down.bmp" />
                                    <Control name="ControlUI9" width="40" />
                                    <Button name="btnSet" text="设置" width="60" textcolor="#FF000000" disabledtextcolor="#FFA7A6AA" font="1" align="center" normalimage="button_nor.bmp" hotimage="button_over.bmp" pushedimage="button_down.bmp" />
                                </HorizontalLayout>
                                <Control name="ControlUI10" />
                            </VerticalLayout>
                            <VerticalLayout name="btnPanel" width="200">
                                <HorizontalLayout name="HorizontalLayoutUI7">
                                    <Control name="ControlUI11" width="10" />
                                    <VerticalLayout name="resultZone" bkimage="file=&apos;border1.png&apos; corner=&apos;5,5,5,5&apos; fade=&apos;162&apos;">
                                        <Control name="ControlUI12" height="15" />
                                        <HorizontalLayout name="HorizontalLayoutUI8" height="25">
                                            <Label name="LabelUI4" text="上传速度：" width="80" textcolor="#FF000000" disabledtextcolor="#FFA7A6AA" font="1" align="right" />
                                            <Label name="uploadSpeed" textcolor="#FF000000" disabledtextcolor="#FFA7A6AA" font="1" />
                                        </HorizontalLayout>
                                        <Label name="LabelUI3" height="16" textcolor="#FF000000" disabledtextcolor="#FFA7A6AA" />
                                        <HorizontalLayout name="HorizontalLayoutUI9" height="25">
                                            <Label name="LabelUI5" text="下载速度：" width="80" textcolor="#FF000000" disabledtextcolor="#FFA7A6AA" font="1" align="right" />
                                            <Label name="downloadSpeed" textcolor="#FF000000" disabledtextcolor="#FFA7A6AA" font="1" />
                                        </HorizontalLayout>
                                        <Control name="ControlUI13" height="16" />
                                        <HorizontalLayout name="HorizontalLayoutUI10" height="25">
                                            <Label name="LabelUI6" text="上传流量：" width="80" textcolor="#FF000000" disabledtextcolor="#FFA7A6AA" font="1" align="right" />
                                            <Label name="totalUpload" textcolor="#FF000000" disabledtextcolor="#FFA7A6AA" font="1" />
                                        </HorizontalLayout>
                                        <Control name="ControlUI14" height="16" />
                                        <HorizontalLayout name="HorizontalLayoutUI11" height="25">
                                            <Label name="LabelUI7" text="下载流量：" width="80" textcolor="#FF000000" disabledtextcolor="#FFA7A6AA" font="1" align="right" />
                                            <Label name="totalDownLoad" height="25" textcolor="#FF000000" disabledtextcolor="#FFA7A6AA" font="1" />
                                        </HorizontalLayout>
                                    </VerticalLayout>
                                </HorizontalLayout>
                            </VerticalLayout>
                        </HorizontalLayout>
                    </VerticalLayout>
                    <VerticalLayout name="bodyright" />
                </HorizontalLayout>
            </VerticalLayout>
            <VerticalLayout name="deviceList" inset="10,10,10,0">
                <HorizontalLayout name="HorizontalLayoutUI3">
                    <List name="devicelist" bkcolor="#FFFFFFFF" menu="true" itemtextcolor="#FF000000" itembkcolor="#FFE2DDDF" itemselectedtextcolor="#FF000000" itemselectedbkcolor="#FFC1E3FF" itemhottextcolor="#FF000000" itemhotbkcolor="#FFE9F5FF" itemdisabledtextcolor="#FFCCCCCC" itemdisabledbkcolor="#FFFFFFFF" headerbkimage="file=&apos;list_header_bg.png&apos;" itemshowhtml="true" vscrollbar="true">
                        <ListHeader height="24" bkimage="file=&apos;list_header_bg.png&apos;" menu="true">
                            <ListHeaderItem text="ID" width="30" minwidth="16" textcolor="#FF000000" sepwidth="1" align="center" hotimage="file=&apos;list_header_hot.png&apos;" pushedimage="file=&apos;list_header_pushed.png&apos;" sepimage="file=&apos;list_header_sep.png&apos;" />
                            <ListHeaderItem text="IP地址" width="260" minwidth="16" textcolor="#FF000000" sepwidth="1" align="center" hotimage="file=&apos;list_header_hot.png&apos;" pushedimage="file=&apos;list_header_pushed.png&apos;" sepimage="file=&apos;list_header_sep.png&apos;" />
                            <ListHeaderItem text="Mac地址" width="240" minwidth="16" textcolor="#FF000000" sepwidth="1" align="center" hotimage="file=&apos;list_header_hot.png&apos;" pushedimage="file=&apos;list_header_pushed.png&apos;" sepimage="file=&apos;list_header_sep.png&apos;" />
                        </ListHeader>
                    </List>
                </HorizontalLayout>
            </VerticalLayout>
            <HorizontalLayout name="bottom" height="25" bkimage="shade.png">
                <Control name="ControlUI5" width="20" />
                <Label name="notifyMsg" textpadding="4,3,4,3" textcolor="#FF000000" disabledtextcolor="#FFA7A6AA" />
                <Label name="LabelUI2" text="访问官网:" width="60" textcolor="#00FFFFFF" disabledtextcolor="#FFA7A6AA" font="1" align="right" />
                <Button name="myUrl" text="{u}{l}www.gupar.com{/l}{/u}" width="110" textcolor="#00FFFFFF" disabledtextcolor="#FFA7A6AA" font="1" showhtml="true" align="center" />
            </HorizontalLayout>
        </VerticalLayout>
    </HorizontalLayout>
</Window>
