<?xml version="1.0" encoding="utf-8" standalone="yes" ?>
<Window size="300,200" caption="0,0,0,30" roundcorner="4,4">
    <Font name="微软雅黑" size="12" bold="true" italic="false" />
    <VerticalLayout name="bg" width="60" height="30" bkimage="file=&apos;bg0.png&apos; corner=&apos;600,220,1,1&apos;">
        <VerticalLayout name="face" bkimage="file=&apos;border.png&apos; corner=&apos;5,5,5,5&apos;">
            <HorizontalLayout name="top" width="300" height="22" bkimage="file=&apos;shade.png&apos; fade=&apos;119&apos;">
                <Label name="LabelUI1" text="请注册" width="80" textpadding="10,0,0,0" textcolor="#FF000000" disabledtextcolor="#FFA7A6AA" font="0" />
                <Control name="ControlUI1" />
                <Button name="closebtn" width="39" textcolor="#FF000000" disabledtextcolor="#FFA7A6AA" align="center" normalimage="btn_close_normal.png" hotimage="btn_close_highlight.png" pushedimage="btn_close_down.png" />
            </HorizontalLayout>
            <VerticalLayout name="VerticalLayoutUI1">
                <Control name="ControlUI3" height="30" />
                <HorizontalLayout name="HorizontalLayoutUI4">
                    <Control name="ControlUI5" width="60" />
                    <VerticalLayout name="VerticalLayoutUI2">
                        <HorizontalLayout name="HorizontalLayoutUI5" text="机器码：" height="40" inset="0,8,6,8">
                            <Label name="LabelUI2" text="机器码：" width="60" textcolor="#FF000000" disabledtextcolor="#FFA7A6AA" font="0" />
                            <Edit name="code" bkcolor="#FFFFFFFF" textpadding="4,3,4,3" textcolor="#FF000000" disabledtextcolor="#FFA7A6AA" font="0" readonly="true" />
                        </HorizontalLayout>
                        <HorizontalLayout name="HorizontalLayoutUI6" height="40" inset="0,8,6,8">
                            <Label name="LabelUI3" text="注册码：" width="60" textcolor="#FF000000" disabledtextcolor="#FFA7A6AA" font="0" />
                            <Edit name="regcode" bkcolor="#FFFFFFFF" textpadding="4,3,4,3" textcolor="#FF000000" disabledtextcolor="#FFA7A6AA" font="0" />
                        </HorizontalLayout>
                        <HorizontalLayout name="HorizontalLayoutUI1" height="60" inset="20,19,10,19">
                            <Button name="getcode" text="获取激活码" width="65" textcolor="#FF000000" disabledtextcolor="#FFA7A6AA" font="0" align="center" normalimage="button_nor.bmp" hotimage="button_over.bmp" pushedimage="button_down.bmp" />
                            <Control name="ControlUI2" width="15" />
                            <Button name="submit" text="激活" width="65" textcolor="#FF000000" disabledtextcolor="#FFA7A6AA" font="0" align="center" normalimage="button_nor.bmp" hotimage="button_over.bmp" pushedimage="button_down.bmp" />
                        </HorizontalLayout>
                    </VerticalLayout>
                    <Control name="ControlUI6" width="60" />
                </HorizontalLayout>
            </VerticalLayout>
        </VerticalLayout>
    </VerticalLayout>
</Window>
